{"cameraMode":{"drawMode":0,"name":"Shaded","section":"Shading Mode"},"sceneLighting":true,"audioPlay":false,"sceneViewState":{"m_AlwaysRefresh":false,"showFog":true,"showSkybox":true,"showFlares":true,"showImageEffects":true,"showParticleSystems":true,"showVisualEffectGraphs":true,"m_FxEnabled":true},"in2DMode":false,"pivot":{"x":80.75277709960938,"y":-9.349187850952149,"z":113.59356689453125},"rotation":{"x":-0.17490151524543763,"y":-0.11338426172733307,"z":0.02048197016119957,"w":-0.9779219627380371},"size":28.641067504882814,"orthographic":false}