{"cameraMode":{"drawMode":0,"name":"Shaded","section":"Shading Mode"},"sceneLighting":false,"audioPlay":false,"sceneViewState":{"m_AlwaysRefresh":false,"showFog":true,"showSkybox":false,"showFlares":true,"showImageEffects":true,"showParticleSystems":true,"showVisualEffectGraphs":true,"m_FxEnabled":true},"in2DMode":false,"pivot":{"x":4.838680267333984,"y":3.2428994178771974,"z":2.5327792167663576},"rotation":{"x":0.37129849195480349,"y":0.40489432215690615,"z":-0.18447405099868775,"w":0.8149733543395996},"size":7.701480865478516,"orthographic":false}