{"cameraMode":{"drawMode":0,"name":"Shaded","section":"Shading Mode"},"sceneLighting":false,"audioPlay":false,"sceneViewState":{"m_AlwaysRefresh":false,"showFog":true,"showSkybox":false,"showFlares":true,"showImageEffects":true,"showParticleSystems":true,"showVisualEffectGraphs":true,"m_FxEnabled":true},"in2DMode":false,"pivot":{"x":4.089851379394531,"y":0.41841936111450198,"z":-1.6460795402526856},"rotation":{"x":0.12326367944478989,"y":0.7831068634986877,"z":-0.16446030139923097,"w":0.5869556069374085},"size":6.747344493865967,"orthographic":false}