{"cameraMode":{"drawMode":0,"name":"Shaded","section":"Shading Mode"},"sceneLighting":false,"audioPlay":false,"sceneViewState":{"m_AlwaysRefresh":false,"showFog":true,"showSkybox":false,"showFlares":true,"showImageEffects":true,"showParticleSystems":true,"showVisualEffectGraphs":true,"m_FxEnabled":true},"in2DMode":false,"pivot":{"x":-1.1920928955078126e-7,"y":0.29043734073638918,"z":-0.5157641768455505},"rotation":{"x":-0.24197903275489808,"y":-0.027352651581168176,"z":0.006822159979492426,"w":-0.9698875546455383},"size":3.88955020904541,"orthographic":false}