{"cameraMode":{"drawMode":0,"name":"Shaded","section":"Shading Mode"},"sceneLighting":false,"audioPlay":false,"sceneViewState":{"m_AlwaysRefresh":false,"showFog":true,"showSkybox":false,"showFlares":true,"showImageEffects":true,"showParticleSystems":true,"showVisualEffectGraphs":true,"m_FxEnabled":true},"in2DMode":false,"pivot":{"x":72.99055480957031,"y":1.8875465393066407,"z":85.89041137695313},"rotation":{"x":0.22778046131134034,"y":0.12954092025756837,"z":-0.030590705573558809,"w":0.9645730257034302},"size":0.8841806054115295,"orthographic":false}