{"cameraMode":{"drawMode":0,"name":"Shaded","section":"Shading Mode"},"sceneLighting":false,"audioPlay":false,"sceneViewState":{"m_AlwaysRefresh":false,"showFog":true,"showSkybox":false,"showFlares":true,"showImageEffects":true,"showParticleSystems":true,"showVisualEffectGraphs":true,"m_FxEnabled":true},"in2DMode":false,"pivot":{"x":0.13709285855293275,"y":0.07435649633407593,"z":0.01879096031188965},"rotation":{"x":-0.17969748377799989,"y":0.0931103378534317,"z":-0.017089327797293664,"w":-0.9791725873947144},"size":1.7825440168380738,"orthographic":false}