{"cameraMode":{"drawMode":0,"name":"Shaded","section":"Shading Mode"},"sceneLighting":false,"audioPlay":false,"sceneViewState":{"m_AlwaysRefresh":false,"showFog":true,"showSkybox":false,"showFlares":true,"showImageEffects":true,"showParticleSystems":true,"showVisualEffectGraphs":true,"m_FxEnabled":true},"in2DMode":false,"pivot":{"x":2.4838740825653078,"y":-0.10867667198181153,"z":1.0062370300292969},"rotation":{"x":0.1911885291337967,"y":-0.10519230365753174,"z":0.020611625164747239,"w":0.9756901860237122},"size":3.900017023086548,"orthographic":false}