{"cameraMode":{"drawMode":0,"name":"Shaded","section":"Shading Mode"},"sceneLighting":false,"audioPlay":false,"sceneViewState":{"m_AlwaysRefresh":false,"showFog":true,"showSkybox":false,"showFlares":true,"showImageEffects":true,"showParticleSystems":true,"showVisualEffectGraphs":true,"m_FxEnabled":true},"in2DMode":false,"pivot":{"x":68.57984161376953,"y":2.681252956390381,"z":75.49517059326172},"rotation":{"x":0.21410296857357026,"y":0.04452642425894737,"z":-0.009772374294698239,"w":0.9757541418075562},"size":1.9880130290985108,"orthographic":false}