{"cameraMode":{"drawMode":0,"name":"Shaded","section":"Shading Mode"},"sceneLighting":false,"audioPlay":false,"sceneViewState":{"m_AlwaysRefresh":false,"showFog":true,"showSkybox":false,"showFlares":true,"showImageEffects":true,"showParticleSystems":true,"showVisualEffectGraphs":true,"m_FxEnabled":true},"in2DMode":false,"pivot":{"x":-0.10538250207901001,"y":0.7784619331359863,"z":0.2947242259979248},"rotation":{"x":0.17702849209308625,"y":-0.2842208743095398,"z":0.053482331335544589,"w":0.9407622814178467},"size":2.318889856338501,"orthographic":false}