{"cameraMode":{"drawMode":0,"name":"Shaded","section":"Shading Mode"},"sceneLighting":false,"audioPlay":false,"sceneViewState":{"m_AlwaysRefresh":false,"showFog":true,"showSkybox":false,"showFlares":true,"showImageEffects":true,"showParticleSystems":true,"showVisualEffectGraphs":true,"m_FxEnabled":true},"in2DMode":false,"pivot":{"x":25.04113006591797,"y":5.4236650466918949,"z":-6.0402631759643559},"rotation":{"x":-0.028626546263694764,"y":0.8832356333732605,"z":-0.05438755452632904,"w":-0.46488556265830996},"size":15.93475341796875,"orthographic":true}