{"cameraMode":{"drawMode":0,"name":"Shaded","section":"Shading Mode"},"sceneLighting":false,"audioPlay":false,"sceneViewState":{"m_AlwaysRefresh":false,"showFog":true,"showSkybox":false,"showFlares":true,"showImageEffects":true,"showParticleSystems":true,"showVisualEffectGraphs":true,"m_FxEnabled":true},"in2DMode":false,"pivot":{"x":1.7994236946105958,"y":0.4507758617401123,"z":1.0578083992004395},"rotation":{"x":0.15481269359588624,"y":-0.15871070325374604,"z":0.02520451694726944,"w":0.9747940897941589},"size":4.200016975402832,"orthographic":false}